Fecha_creaci√≥n,Id,Texto,Fuente,Truncado,Respuesta_al_tweet,Respuesta_al_usuario_id,Respuesta_al_usuario_nombre
2020-09-11 21:09:23,1304527483526688775,RT @Milenio: El director del IMSS encabez√≥ el homenaje que se lleva a cabo todos los d√≠as a las 12:00 horas al personal de salud y a v√≠ctim‚Ä¶,Twitter for Android,False,,,,,,,,es,False
2020-09-11 20:56:44,1304524297331970050,RT @Milenio: El director del IMSS encabez√≥ el homenaje que se lleva a cabo todos los d√≠as a las 12:00 horas al personal de salud y a v√≠ctim‚Ä¶,Twitter for Android,False,,,,,,,,es,False
2020-09-11 20:11:46,1304512981254971398,RT @Milenio: El director del IMSS encabez√≥ el homenaje que se lleva a cabo todos los d√≠as a las 12:00 horas al personal de salud y a v√≠ctim‚Ä¶,Twitter for iPhone,False,,,,,,,,es,False
2020-09-11 20:06:41,1304511701908426752,RT @Milenio: El director del IMSS encabez√≥ el homenaje que se lleva a cabo todos los d√≠as a las 12:00 horas al personal de salud y a v√≠ctim‚Ä¶,Twitter for Android,False,,,,,,,,es,False
2020-09-11 20:04:00,1304511027627864067,El director del IMSS encabez√≥ el homenaje que se lleva a cabo todos los d√≠as a las 12:00 horas al personal de salud‚Ä¶ https://t.co/znjIy03NSM,TweetDeck,True,,,,,,,,es,False
2020-09-11 16:53:30,1304463085885968389,y todav√≠a hay gente que cree que el 1 de enero a las 12:00 am el coronavirus va a decir adi√≥s https://t.co/rXVLtwfk05,Twitter Web App,False,,,,,,,,es,False
2020-09-11 15:51:21,1304447448509710336,"RT @NavarraCapital: ‚ÑπÔ∏è EL EJECUTIVO FORAL, CONTRA EL #CORONAVIRUS l El Ejecutivo foral aprob√≥ este viernes una nueva orden, que limita el c‚Ä¶",Twitter for iPhone,False,,,,,,,,es,False
2020-09-11 13:48:38,1304416565023182849,"RT @NavarraCapital: ‚ÑπÔ∏è EL EJECUTIVO FORAL, CONTRA EL #CORONAVIRUS l El Ejecutivo foral aprob√≥ este viernes una nueva orden, que limita el c‚Ä¶",Twitter for Android,False,,,,,,,,es,False
2020-09-11 12:52:55,1304402542244306946,"RT @NavarraCapital: ‚ÑπÔ∏è EL EJECUTIVO FORAL, CONTRA EL #CORONAVIRUS l El Ejecutivo foral aprob√≥ este viernes una nueva orden, que limita el c‚Ä¶",Twitter for Android,False,,,,,,,,es,False
2020-09-11 12:50:14,1304401869205377026,"‚ÑπÔ∏è EL EJECUTIVO FORAL, CONTRA EL #CORONAVIRUS l El Ejecutivo foral aprob√≥ este viernes una nueva orden, que limita‚Ä¶ https://t.co/Bm2SVjixAk",Twitter Web App,True,,,,,,,,es,False
2020-09-11 09:53:14,1304357323947769860,"teleSURtv, [11 de sep de 2020 a las 00:03]
https://t.co/JItlsH17DV
Florida en EE.UU. acumula 12.425 decesos por Cov‚Ä¶ https://t.co/YEwj2Aqfzk",Twitter for iPhone,True,,,,,,,,es,False
2020-09-11 00:07:58,1304210035782934530,"RT @SDSOPoway: Entendemos los retos creados por el #coronavirus.  Si necesita asistencia alimentaria, un socio de la comunidad esta ofrecie‚Ä¶",Twitter Web App,False,,,,,,,,es,False
2020-09-11 00:03:54,1304209014784274432,"Entendemos los retos creados por el #coronavirus.  Si necesita asistencia alimentaria, un socio de la comunidad est‚Ä¶ https://t.co/4GMunNfJLN",Twitter Web App,True,,,,,,,,es,False
2020-09-10 14:20:33,1304062210616983553,RT @SaludMisiones: ¬°No te Olvides! para pacientes febriles con sospecha de Coronavirus. Consultorio Virtual Disponible de lunes a viernes d‚Ä¶,Twitter for Android,False,,,,,,,,es,False
2020-09-10 13:43:40,1304052925405298688,"La medida empieza a regir el s√°bado 12 hasta el 22 de septiembre a las 00 https://t.co/KW3ni8U7Z1
.
.
.
#Coronavirus #R√≠oCuarto",Twitter Web App,False,,,,,,,,es,False
2020-09-10 12:30:45,1304034578261258243,¬°No te Olvides! para pacientes febriles con sospecha de Coronavirus. Consultorio Virtual Disponible de lunes a vier‚Ä¶ https://t.co/nIugoOBjuY,Postcron App,True,,,,,,,,es,False
2020-09-09 17:52:46,1303753228824252416,"RT @Salud_Tigre: #CORONAVIRUS:

Informe diario sobre los casos observados en @MunicipioTigre al d√≠a 8 de septiembre, a las 12:00 hs.

üìçSi t‚Ä¶",Twitter for Android,False,,,,,,,,es,False
2020-09-09 17:21:17,1303745305695920133,"Este s√°bado 12 de setiembre a las 8:00 am no te pierdas un nuevo episodio de ""TE CUENTO UN CUENTO"", donde tenemos e‚Ä¶ https://t.co/XSTjwS2pYQ",Twitter Web App,True,,,,,,,,es,False
2020-09-09 15:53:41,1303723258093633538,"RT @Salud_Tigre: #CORONAVIRUS:

Informe diario sobre los casos observados en @MunicipioTigre al d√≠a 8 de septiembre, a las 12:00 hs.

üìçSi t‚Ä¶",Twitter for iPhone,False,,,,,,,,es,False
2020-09-09 12:25:39,1303670906254962689,"RT @Salud_Tigre: #CORONAVIRUS:

Informe diario sobre los casos observados en @MunicipioTigre al d√≠a 8 de septiembre, a las 12:00 hs.

üìçSi t‚Ä¶",Twitter for Android,False,,,,,,,,es,False
2020-09-09 11:42:23,1303660014863872000,"RT @Salud_Tigre: #CORONAVIRUS:

Informe diario sobre los casos observados en @MunicipioTigre al d√≠a 7 de septiembre, a las 12:00 hs.

üìçSi t‚Ä¶",Twitter for iPhone,False,,,,,,,,es,False
2020-09-09 09:37:46,1303628658037399553,"üîäEste mi√©rcoles en #HoyporHoyNavarra 

üì¢Cierre Siemens Gamesa Aoiz y consecuencias

‚ÄºÔ∏èEmergencia social en Tafalla‚Ä¶ https://t.co/NBSHwb4BVT",Twitter Web App,True,,,,,,,,es,False
2020-09-09 03:29:05,1303535874123149312,"RT @Salud_Tigre: #CORONAVIRUS:

Informe diario sobre los casos observados en @MunicipioTigre al d√≠a 7 de septiembre, a las 12:00 hs.

üìçSi t‚Ä¶",Twitter for iPhone,False,,,,,,,,es,False
2020-09-09 03:27:09,1303535387755806720,"RT @Salud_Tigre: #CORONAVIRUS:

Informe diario sobre los casos observados en @MunicipioTigre al d√≠a 7 de septiembre, a las 12:00 hs.

üìçSi t‚Ä¶",Twitter for iPhone,False,,,,,,,,es,False
2020-09-09 03:26:31,1303535227550273536,"RT @Salud_Tigre: #CORONAVIRUS:

Informe diario sobre los casos observados en @MunicipioTigre al d√≠a 8 de septiembre, a las 12:00 hs.

üìçSi t‚Ä¶",Twitter for iPhone,False,,,,,,,,es,False
2020-09-09 03:24:41,1303534766898196480,"RT @Resonancias_Mx: 10 RESONANCIAS de la situaci√≥n generada por la pandemia del coronavirus SARS-CoV-2 causante de la Covid-19, enfermedad‚Ä¶",Twitter for iPhone,False,,,,,,,,es,False
2020-09-09 03:21:54,1303534065887449089,"RT @Salud_Tigre: #CORONAVIRUS:

Informe diario sobre los casos observados en @MunicipioTigre al d√≠a 8 de septiembre, a las 12:00 hs.

üìçSi t‚Ä¶",Twitter for iPhone,False,,,,,,,,es,False
2020-09-09 03:07:19,1303530395598807041,"RT @SanIsidroGob: LOS CONTROLES DE COVID-19 SE REALIZAN EN LOS CENTROS DE ATENCI√ìN PRIMARIA
Realizamos entrevistas e hisopados en los CAPS‚Ä¶",Twitter for Android,False,,,,,,,,es,False
2020-09-09 03:04:37,1303529715408478215,"#Decisi√≥n360 La primera vez que el Reporte Diario del Coronavirus en Venezuela se di√≥ por Twitter, fue a 5 minutos‚Ä¶ https://t.co/IuRCcnqJD0",Twitter Web App,True,,,,,,,,es,False
2020-09-08 23:22:17,1303473763024076801,"RT @pipstoch: ü¶† Coronavirus Argentina 08/09/20  üá¶üá∑ Cuarentena d√≠a 173
‚Ä¢Hay 12.027 casos nuevos (R√âCORD) 
‚Ä¢Total 500.034 infectados
‚Ä¢Activos‚Ä¶",Twitter for Android,False,,,,,,,,es,False
2020-09-08 23:20:00,1303473188899303424,"üêï Debido a la contingencia sanitaria por coronavirus, √∫nicamente se brindar√°n los servicios a trav√©s de citas, en u‚Ä¶ https://t.co/W2fam5a14N",TweetDeck,True,,,,,,,,es,False
2020-09-08 22:23:30,1303458971689398273,"RT @juandemariana: üëÄ¬°Adem√°s la semana que viene contaremos con el profesor @rodriguezbraun!

üó®Ô∏èRetratos liberales de la crisis del coronavi‚Ä¶",Twitter for Android,False,,,,,,,,es,False
2020-09-08 22:06:54,1303454792606535681,"RT @Salud_Tigre: #CORONAVIRUS:

Informe diario sobre los casos observados en @MunicipioTigre al d√≠a 8 de septiembre, a las 12:00 hs.

üìçSi t‚Ä¶",Twitter for iPhone,False,,,,,,,,es,False
2020-09-08 19:49:49,1303420295273947138,"Con una inversi√≥n de $4.500,00, el GADM-C #Guano, el martes 08 de septiembre inici√≥ la instalaci√≥n de 12 lavamanos‚Ä¶ https://t.co/bYiiCNT8Na",Twitter Web App,True,,,,,,,,es,False
2020-09-08 19:47:39,1303419751209799682,"@elchiringuitotv @cristobalsoria suspendido el madrid-rayo de hoy que se jugaba a las 12.00 por el coronavirus,y no‚Ä¶ https://t.co/Kvs90yYArZ",Twitter for Android,True,,18905975,elchiringuitotv,,,,,es,False
2020-09-08 19:11:54,1303410753739927553,"RT @ASCostadelSol: Jornada 'online' de divulgaci√≥n cient√≠fica. 
üî¨ü¶† Coronavirus y salud p√∫blica: lecciones aprendidas y retos para el @Salud‚Ä¶",Twitter for Android,False,,,,,,,,es,False
2020-09-08 18:00:00,1303392658946011137,"LOS CONTROLES DE COVID-19 SE REALIZAN EN LOS CENTROS DE ATENCI√ìN PRIMARIA
Realizamos entrevistas e hisopados en los‚Ä¶ https://t.co/Q21zejh31F",TweetDeck,True,,,,,,,,es,False
2020-09-08 17:52:13,1303390699056963586,"RT @Salud_Tigre: #CORONAVIRUS:

Informe diario sobre los casos observados en @MunicipioTigre al d√≠a 8 de septiembre, a las 12:00 hs.

üìçSi t‚Ä¶",Twitter for Android,False,,,,,,,,es,False
2020-09-08 17:02:30,1303378190887342080,"10 RESONANCIAS de la situaci√≥n generada por la pandemia del coronavirus SARS-CoV-2 causante de la Covid-19, enferme‚Ä¶ https://t.co/n3sWr8brZ4",Twitter for iPhone,True,,,,,,,,es,False
2020-09-08 16:59:17,1303377380669640707,"RT @Salud_Tigre: #CORONAVIRUS:

Informe diario sobre los casos observados en @MunicipioTigre al d√≠a 8 de septiembre, a las 12:00 hs.

üìçSi t‚Ä¶",Twitter for Android,False,,,,,,,,es,False
2020-09-08 16:53:07,1303375826520625153,"RT @Salud_Tigre: #CORONAVIRUS:

Informe diario sobre los casos observados en @MunicipioTigre al d√≠a 8 de septiembre, a las 12:00 hs.

üìçSi t‚Ä¶",Twitter Web App,False,,,,,,,,es,False
2020-09-08 16:47:53,1303374510641614848,"RT @Salud_Tigre: #CORONAVIRUS:

Informe diario sobre los casos observados en @MunicipioTigre al d√≠a 8 de septiembre, a las 12:00 hs.

üìçSi t‚Ä¶",Twitter for Android,False,,,,,,,,es,False
2020-09-08 16:46:03,1303374049398095872,"RT @Salud_Tigre: #CORONAVIRUS:

Informe diario sobre los casos observados en @MunicipioTigre al d√≠a 8 de septiembre, a las 12:00 hs.

üìçSi t‚Ä¶",Twitter Web App,False,,,,,,,,es,False
2020-09-08 16:31:53,1303370485544165376,"RT @Salud_Tigre: #CORONAVIRUS:

Informe diario sobre los casos observados en @MunicipioTigre al d√≠a 8 de septiembre, a las 12:00 hs.

üìçSi t‚Ä¶",Twitter for Android,False,,,,,,,,es,False
2020-09-08 16:30:48,1303370210880229377,"RT @Salud_Tigre: #CORONAVIRUS:

Informe diario sobre los casos observados en @MunicipioTigre al d√≠a 8 de septiembre, a las 12:00 hs.

üìçSi t‚Ä¶",Twitter for Android,False,,,,,,,,es,False
2020-09-08 16:30:00,1303370010736447489,"RT @Salud_Tigre: #CORONAVIRUS:

Informe diario sobre los casos observados en @MunicipioTigre al d√≠a 8 de septiembre, a las 12:00 hs.

üìçSi t‚Ä¶",Twitter for Android,False,,,,,,,,es,False
2020-09-08 16:28:40,1303369673254359042,"RT @Salud_Tigre: #CORONAVIRUS:

Informe diario sobre los casos observados en @MunicipioTigre al d√≠a 8 de septiembre, a las 12:00 hs.

üìçSi t‚Ä¶",Twitter for Android,False,,,,,,,,es,False
2020-09-08 16:27:24,1303369356823408640,"RT @Salud_Tigre: #CORONAVIRUS:

Informe diario sobre los casos observados en @MunicipioTigre al d√≠a 8 de septiembre, a las 12:00 hs.

üìçSi t‚Ä¶",Twitter for iPhone,False,,,,,,,,es,False
2020-09-08 16:27:06,1303369280654897155,"RT @Salud_Tigre: #CORONAVIRUS:

Informe diario sobre los casos observados en @MunicipioTigre al d√≠a 8 de septiembre, a las 12:00 hs.

üìçSi t‚Ä¶",Twitter for Android,False,,,,,,,,es,False
2020-09-08 16:24:32,1303368632697860096,"RT @Salud_Tigre: #CORONAVIRUS:

Informe diario sobre los casos observados en @MunicipioTigre al d√≠a 8 de septiembre, a las 12:00 hs.

üìçSi t‚Ä¶",Twitter Web App,False,,,,,,,,es,False
2020-09-08 16:24:00,1303368499209867264,"RT @Salud_Tigre: #CORONAVIRUS:

Informe diario sobre los casos observados en @MunicipioTigre al d√≠a 8 de septiembre, a las 12:00 hs.

üìçSi t‚Ä¶",Twitter Web App,False,,,,,,,,es,False
2020-09-08 16:23:02,1303368258150690816,"RT @Salud_Tigre: #CORONAVIRUS:

Informe diario sobre los casos observados en @MunicipioTigre al d√≠a 8 de septiembre, a las 12:00 hs.

üìçSi t‚Ä¶",Twitter for iPhone,False,,,,,,,,es,False
2020-09-08 16:19:12,1303367293888589824,"RT @Salud_Tigre: #CORONAVIRUS:

Informe diario sobre los casos observados en @MunicipioTigre al d√≠a 8 de septiembre, a las 12:00 hs.

üìçSi t‚Ä¶",Twitter for Android,False,,,,,,,,es,False
2020-09-08 16:18:40,1303367156416081920,"RT @Salud_Tigre: #CORONAVIRUS:

Informe diario sobre los casos observados en @MunicipioTigre al d√≠a 8 de septiembre, a las 12:00 hs.

üìçSi t‚Ä¶",Twitter Web App,False,,,,,,,,es,False
2020-09-08 16:18:12,1303367038539358212,"RT @Salud_Tigre: #CORONAVIRUS:

Informe diario sobre los casos observados en @MunicipioTigre al d√≠a 8 de septiembre, a las 12:00 hs.

üìçSi t‚Ä¶",Twitter for Android,False,,,,,,,,es,False
2020-09-08 16:15:47,1303366434077265929,"RT @Salud_Tigre: #CORONAVIRUS:

Informe diario sobre los casos observados en @MunicipioTigre al d√≠a 8 de septiembre, a las 12:00 hs.

üìçSi t‚Ä¶",Twitter for Android,False,,,,,,,,es,False
2020-09-08 16:15:43,1303366414338789377,"RT @Salud_Tigre: #CORONAVIRUS:

Informe diario sobre los casos observados en @MunicipioTigre al d√≠a 8 de septiembre, a las 12:00 hs.

üìçSi t‚Ä¶",Twitter for Android,False,,,,,,,,es,False
2020-09-08 16:13:55,1303365964134834186,"RT @Salud_Tigre: #CORONAVIRUS:

Informe diario sobre los casos observados en @MunicipioTigre al d√≠a 8 de septiembre, a las 12:00 hs.

üìçSi t‚Ä¶",Twitter for iPhone,False,,,,,,,,es,False
2020-09-08 16:09:09,1303364761623638016,"RT @Salud_Tigre: #CORONAVIRUS:

Informe diario sobre los casos observados en @MunicipioTigre al d√≠a 8 de septiembre, a las 12:00 hs.

üìçSi t‚Ä¶",Twitter for Android,False,,,,,,,,es,False
2020-09-08 16:08:59,1303364719231852549,"RT @Salud_Tigre: #CORONAVIRUS:

Informe diario sobre los casos observados en @MunicipioTigre al d√≠a 8 de septiembre, a las 12:00 hs.

üìçSi t‚Ä¶",Twitter for Android,False,,,,,,,,es,False
2020-09-08 16:08:15,1303364537291288577,"RT @Salud_Tigre: #CORONAVIRUS:

Informe diario sobre los casos observados en @MunicipioTigre al d√≠a 8 de septiembre, a las 12:00 hs.

üìçSi t‚Ä¶",Twitter for iPhone,False,,,,,,,,es,False
2020-09-08 16:07:50,1303364430655352832,"RT @Salud_Tigre: #CORONAVIRUS:

Informe diario sobre los casos observados en @MunicipioTigre al d√≠a 8 de septiembre, a las 12:00 hs.

üìçSi t‚Ä¶",Twitter for Android,False,,,,,,,,es,False
2020-09-08 16:04:25,1303363573763248128,"RT @Salud_Tigre: #CORONAVIRUS:

Informe diario sobre los casos observados en @MunicipioTigre al d√≠a 8 de septiembre, a las 12:00 hs.

üìçSi t‚Ä¶",Twitter for Android,False,,,,,,,,es,False
2020-09-08 16:04:00,1303363467387318273,"RT @Salud_Tigre: #CORONAVIRUS:

Informe diario sobre los casos observados en @MunicipioTigre al d√≠a 8 de septiembre, a las 12:00 hs.

üìçSi t‚Ä¶",Twitter for Android,False,,,,,,,,es,False
2020-09-08 16:03:56,1303363448215085059,"RT @Salud_Tigre: #CORONAVIRUS:

Informe diario sobre los casos observados en @MunicipioTigre al d√≠a 8 de septiembre, a las 12:00 hs.

üìçSi t‚Ä¶",Twitter for iPhone,False,,,,,,,,es,False
2020-09-08 16:03:52,1303363434889785344,"RT @Salud_Tigre: #CORONAVIRUS:

Informe diario sobre los casos observados en @MunicipioTigre al d√≠a 8 de septiembre, a las 12:00 hs.

üìçSi t‚Ä¶",Twitter for Android,False,,,,,,,,es,False
2020-09-08 16:03:30,1303363341948198912,"RT @Salud_Tigre: #CORONAVIRUS:

Informe diario sobre los casos observados en @MunicipioTigre al d√≠a 8 de septiembre, a las 12:00 hs.

üìçSi t‚Ä¶",Twitter for Android,False,,,,,,,,es,False
2020-09-08 16:03:21,1303363305373929477,"RT @Salud_Tigre: #CORONAVIRUS:

Informe diario sobre los casos observados en @MunicipioTigre al d√≠a 8 de septiembre, a las 12:00 hs.

üìçSi t‚Ä¶",Twitter for Android,False,,,,,,,,es,False
2020-09-08 15:53:58,1303360943032799234,"RT @Salud_Tigre: #CORONAVIRUS:

Informe diario sobre los casos observados en @MunicipioTigre al d√≠a 8 de septiembre, a las 12:00 hs.

üìçSi t‚Ä¶",Twitter for Android,False,,,,,,,,es,False
2020-09-08 15:44:03,1303358445148672000,"RT @Salud_Tigre: #CORONAVIRUS:

Informe diario sobre los casos observados en @MunicipioTigre al d√≠a 8 de septiembre, a las 12:00 hs.

üìçSi t‚Ä¶",Twitter for Android,False,,,,,,,,es,False
2020-09-08 15:43:56,1303358418535829507,"RT @Salud_Tigre: #CORONAVIRUS:

Informe diario sobre los casos observados en @MunicipioTigre al d√≠a 8 de septiembre, a las 12:00 hs.

üìçSi t‚Ä¶",Twitter for iPhone,False,,,,,,,,es,False
2020-09-08 15:29:30,1303354785727418368,"RT @Salud_Tigre: #CORONAVIRUS:

Informe diario sobre los casos observados en @MunicipioTigre al d√≠a 8 de septiembre, a las 12:00 hs.

üìçSi t‚Ä¶",Twitter Web App,False,,,,,,,,es,False
2020-09-08 15:28:51,1303354622896148488,"RT @Salud_Tigre: #CORONAVIRUS:

Informe diario sobre los casos observados en @MunicipioTigre al d√≠a 8 de septiembre, a las 12:00 hs.

üìçSi t‚Ä¶",Twitter for Android,False,,,,,,,,es,False
2020-09-08 15:15:06,1303351161798512640,"RT @Salud_Tigre: #CORONAVIRUS:

Informe diario sobre los casos observados en @MunicipioTigre al d√≠a 8 de septiembre, a las 12:00 hs.

üìçSi t‚Ä¶",Twitter Web App,False,,,,,,,,es,False
2020-09-08 15:07:08,1303349154257817607,"#CORONAVIRUS:

Informe diario sobre los casos observados en @MunicipioTigre al d√≠a 8 de septiembre, a las 12:00 hs.‚Ä¶ https://t.co/rlbNeG0Zd6",Twitter Web App,True,,,,,,,,es,False
2020-09-08 14:44:09,1303343373982543872,RT @HUReinaSofia: Ma√±ana mi√©rcoles a las 12:00 hrs se celebra una interesante jornada virtual de #divulgaci√≥n sobre lecciones aprendidas y‚Ä¶,Twitter for Android,False,,,,,,,,es,False
2020-09-08 12:31:40,1303310031807488001,RT @HUReinaSofia: Ma√±ana mi√©rcoles a las 12:00 hrs se celebra una interesante jornada virtual de #divulgaci√≥n sobre lecciones aprendidas y‚Ä¶,Twitter for iPhone,False,,,,,,,,es,False
2020-09-08 11:06:32,1303288606270861314,Ma√±ana mi√©rcoles a las 12:00 hrs se celebra una interesante jornada virtual de #divulgaci√≥n sobre lecciones aprendi‚Ä¶ https://t.co/2LCYFVsvAJ,Twitter Web App,True,,,,,,,,es,False
2020-09-08 09:55:27,1303270717530796033,"RT @ASCostadelSol: Jornada 'online' de divulgaci√≥n cient√≠fica. 
üî¨ü¶† Coronavirus y salud p√∫blica: lecciones aprendidas y retos para el @Salud‚Ä¶",Twitter for Android,False,,,,,,,,es,False
2020-09-08 09:51:31,1303269729596047360,"RT @ASCostadelSol: Jornada 'online' de divulgaci√≥n cient√≠fica. 
üî¨ü¶† Coronavirus y salud p√∫blica: lecciones aprendidas y retos para el @Salud‚Ä¶",Twitter for Android,False,,,,,,,,es,False
2020-09-08 09:26:42,1303263483165843456,"RT @juandemariana: üëÄ¬°Adem√°s la semana que viene contaremos con el profesor @rodriguezbraun!

üó®Ô∏èRetratos liberales de la crisis del coronavi‚Ä¶",Twitter Web App,False,,,,,,,,es,False
2020-09-08 06:06:24,1303213076561489920,"RT @ASCostadelSol: Jornada 'online' de divulgaci√≥n cient√≠fica. 
üî¨ü¶† Coronavirus y salud p√∫blica: lecciones aprendidas y retos para el @Salud‚Ä¶",Socialismo ,False,,,,,,,,es,False
2020-09-08 05:21:21,1303201738980294656,"Jornada 'online' de divulgaci√≥n cient√≠fica. 
üî¨ü¶† Coronavirus y salud p√∫blica: lecciones aprendidas y retos para el‚Ä¶ https://t.co/d1WKnLi34M",Twitter Web App,True,,,,,,,,es,False
2020-09-08 03:50:00,1303178750625026048,"RT @Salud_Tigre: #CORONAVIRUS:

Informe diario sobre los casos observados en @MunicipioTigre al d√≠a 7 de septiembre, a las 12:00 hs.

üìçSi t‚Ä¶",Twitter Web App,False,,,,,,,,es,False
2020-09-08 02:39:49,1303161088146460672,RT @VelezSandovalSC: Los invitamos al evento organizado por la @fmddeld  donde el Dr. Jos√© Luis P√©rez Trevi√±o presentar√° el libro titulado‚Ä¶,Twitter for Android,False,,,,,,,,es,False
2020-09-08 01:09:17,1303138304968339461,"RT @Salud_Tigre: #CORONAVIRUS:

Informe diario sobre los casos observados en @MunicipioTigre al d√≠a 7 de septiembre, a las 12:00 hs.

üìçSi t‚Ä¶",Twitter for iPhone,False,,,,,,,,es,False
2020-09-07 22:55:59,1303104758463553538,"RT @Salud_Tigre: #CORONAVIRUS:

Informe diario sobre los casos observados en @MunicipioTigre al d√≠a 7 de septiembre, a las 12:00 hs.

üìçSi t‚Ä¶",Twitter for iPhone,False,,,,,,,,es,False
2020-09-07 22:46:46,1303102438988185600,"RT @Salud_Tigre: #CORONAVIRUS:

Informe diario sobre los casos observados en @MunicipioTigre al d√≠a 7 de septiembre, a las 12:00 hs.

üìçSi t‚Ä¶",Twitter for iPhone,False,,,,,,,,es,False
2020-09-07 20:30:02,1303068029467734021,"RT @Salud_Tigre: #CORONAVIRUS:

Informe diario sobre los casos observados en @MunicipioTigre al d√≠a 7 de septiembre, a las 12:00 hs.

üìçSi t‚Ä¶",Twitter Web App,False,,,,,,,,es,False
2020-09-07 20:20:49,1303065709371682819,"RT @Salud_Tigre: #CORONAVIRUS:

Informe diario sobre los casos observados en @MunicipioTigre al d√≠a 7 de septiembre, a las 12:00 hs.

üìçSi t‚Ä¶",Twitter for iPhone,False,,,,,,,,es,False
2020-09-07 19:12:13,1303048446736322563,"#CORONAVIRUS:

Informe diario sobre los casos observados en @MunicipioTigre al d√≠a 7 de septiembre, a las 12:00 hs.‚Ä¶ https://t.co/UUzUoETZAX",Hootsuite Inc.,True,,,,,,,,es,False
2020-09-07 18:23:17,1303036132955881472,Los invitamos al evento organizado por la @fmddeld  donde el Dr. Jos√© Luis P√©rez Trevi√±o presentar√° el libro titula‚Ä¶ https://t.co/ryC309K3Ks,Twitter Web App,True,,,,,,,,es,False
2020-09-07 17:47:58,1303027242495340550,"RT @Salud_Tigre: #CORONAVIRUS:

Informe diario sobre los casos observados en @MunicipioTigre al d√≠a 7 de septiembre, a las 12:00 hs.

üìçSi t‚Ä¶",Twitter for Android,False,,,,,,,,es,False
2020-09-07 17:47:46,1303027193770110976,"RT @Salud_Tigre: #CORONAVIRUS:

Informe diario sobre los casos observados en @MunicipioTigre al d√≠a 7 de septiembre, a las 12:00 hs.

üìçSi t‚Ä¶",Twitter for iPhone,False,,,,,,,,es,False
2020-09-07 17:26:57,1303021954581114882,"RT @Salud_Tigre: #CORONAVIRUS:

Informe diario sobre los casos observados en @MunicipioTigre al d√≠a 7 de septiembre, a las 12:00 hs.

üìçSi t‚Ä¶",Twitter for Android,False,,,,,,,,es,False
2020-09-07 17:26:39,1303021878521597952,"RT @Salud_Tigre: #CORONAVIRUS:

Informe diario sobre los casos observados en @MunicipioTigre al d√≠a 7 de septiembre, a las 12:00 hs.

üìçSi t‚Ä¶",Twitter Web App,False,,,,,,,,es,False
2020-09-07 17:21:48,1303020656024588289,"RT @Salud_Tigre: #CORONAVIRUS:

Informe diario sobre los casos observados en @MunicipioTigre al d√≠a 7 de septiembre, a las 12:00 hs.

üìçSi t‚Ä¶",Twitter Web App,False,,,,,,,,es,False
2020-09-07 17:00:50,1303015381372678146,"RT @Salud_Tigre: #CORONAVIRUS:

Informe diario sobre los casos observados en @MunicipioTigre al d√≠a 7 de septiembre, a las 12:00 hs.

üìçSi t‚Ä¶",Twitter for Android,False,,,,,,,,es,False
2020-09-07 16:46:19,1303011728561762306,"RT @Salud_Tigre: #CORONAVIRUS:

Informe diario sobre los casos observados en @MunicipioTigre al d√≠a 7 de septiembre, a las 12:00 hs.

üìçSi t‚Ä¶",Twitter for Android,False,,,,,,,,es,False
2020-09-07 16:41:50,1303010600189128705,"RT @Salud_Tigre: #CORONAVIRUS:

Informe diario sobre los casos observados en @MunicipioTigre al d√≠a 7 de septiembre, a las 12:00 hs.

üìçSi t‚Ä¶",Twitter for Android,False,,,,,,,,es,False
2020-09-07 16:36:01,1303009135496171521,"RT @Salud_Tigre: #CORONAVIRUS:

Informe diario sobre los casos observados en @MunicipioTigre al d√≠a 7 de septiembre, a las 12:00 hs.

üìçSi t‚Ä¶",Twitter for Android,False,,,,,,,,es,False
2020-09-07 16:35:23,1303008976267890692,"RT @Salud_Tigre: #CORONAVIRUS:

Informe diario sobre los casos observados en @MunicipioTigre al d√≠a 7 de septiembre, a las 12:00 hs.

üìçSi t‚Ä¶",Twitter for Android,False,,,,,,,,es,False
2020-09-07 16:35:13,1303008934115119109,"RT @Salud_Tigre: #CORONAVIRUS:

Informe diario sobre los casos observados en @MunicipioTigre al d√≠a 7 de septiembre, a las 12:00 hs.

üìçSi t‚Ä¶",Twitter for Android,False,,,,,,,,es,False
2020-09-07 16:33:52,1303008596226170880,"RT @Salud_Tigre: #CORONAVIRUS:

Informe diario sobre los casos observados en @MunicipioTigre al d√≠a 7 de septiembre, a las 12:00 hs.

üìçSi t‚Ä¶",Twitter for Android,False,,,,,,,,es,False
2020-09-07 16:33:33,1303008514357555207,"RT @Salud_Tigre: #CORONAVIRUS:

Informe diario sobre los casos observados en @MunicipioTigre al d√≠a 7 de septiembre, a las 12:00 hs.

üìçSi t‚Ä¶",Twitter for Android,False,,,,,,,,es,False
2020-09-07 16:33:28,1303008495269183488,"RT @Salud_Tigre: #CORONAVIRUS:

Informe diario sobre los casos observados en @MunicipioTigre al d√≠a 7 de septiembre, a las 12:00 hs.

üìçSi t‚Ä¶",Twitter for Android,False,,,,,,,,es,False
2020-09-07 16:33:14,1303008435232018432,"RT @Salud_Tigre: #CORONAVIRUS:

Informe diario sobre los casos observados en @MunicipioTigre al d√≠a 7 de septiembre, a las 12:00 hs.

üìçSi t‚Ä¶",Twitter Web App,False,,,,,,,,es,False
2020-09-07 16:32:56,1303008360317546498,"RT @Salud_Tigre: #CORONAVIRUS:

Informe diario sobre los casos observados en @MunicipioTigre al d√≠a 7 de septiembre, a las 12:00 hs.

üìçSi t‚Ä¶",Twitter for Android,False,,,,,,,,es,False
2020-09-07 16:31:02,1303007884142415872,"RT @Salud_Tigre: #CORONAVIRUS:

Informe diario sobre los casos observados en @MunicipioTigre al d√≠a 7 de septiembre, a las 12:00 hs.

üìçSi t‚Ä¶",Twitter for Android,False,,,,,,,,es,False
2020-09-07 16:28:18,1303007194070253570,"RT @Salud_Tigre: #CORONAVIRUS:

Informe diario sobre los casos observados en @MunicipioTigre al d√≠a 7 de septiembre, a las 12:00 hs.

üìçSi t‚Ä¶",Twitter for Android,False,,,,,,,,es,False
2020-09-07 16:27:10,1303006911185510401,"RT @Salud_Tigre: #CORONAVIRUS:

Informe diario sobre los casos observados en @MunicipioTigre al d√≠a 7 de septiembre, a las 12:00 hs.

üìçSi t‚Ä¶",Twitter for iPhone,False,,,,,,,,es,False
2020-09-07 16:26:08,1303006649704218635,"RT @Salud_Tigre: #CORONAVIRUS:

Informe diario sobre los casos observados en @MunicipioTigre al d√≠a 7 de septiembre, a las 12:00 hs.

üìçSi t‚Ä¶",Twitter for Android,False,,,,,,,,es,False
2020-09-07 16:25:50,1303006573422313473,"RT @Salud_Tigre: #CORONAVIRUS:

Informe diario sobre los casos observados en @MunicipioTigre al d√≠a 7 de septiembre, a las 12:00 hs.

üìçSi t‚Ä¶",Twitter for Android,False,,,,,,,,es,False
2020-09-07 16:21:58,1303005600226439173,"RT @Salud_Tigre: #CORONAVIRUS:

Informe diario sobre los casos observados en @MunicipioTigre al d√≠a 7 de septiembre, a las 12:00 hs.

üìçSi t‚Ä¶",Twitter for Android,False,,,,,,,,es,False
2020-09-07 16:14:42,1303003771769888769,"RT @Salud_Tigre: #CORONAVIRUS:

Informe diario sobre los casos observados en @MunicipioTigre al d√≠a 7 de septiembre, a las 12:00 hs.

üìçSi t‚Ä¶",Twitter for Android,False,,,,,,,,es,False
2020-09-07 16:11:17,1303002912776425475,"RT @Salud_Tigre: #CORONAVIRUS:

Informe diario sobre los casos observados en @MunicipioTigre al d√≠a 7 de septiembre, a las 12:00 hs.

üìçSi t‚Ä¶",Twitter for Android,False,,,,,,,,es,False
2020-09-07 16:10:49,1303002795554021377,"RT @Salud_Tigre: #CORONAVIRUS:

Informe diario sobre los casos observados en @MunicipioTigre al d√≠a 7 de septiembre, a las 12:00 hs.

üìçSi t‚Ä¶",Twitter for Android,False,,,,,,,,es,False
2020-09-07 16:10:11,1303002636766056448,"RT @Salud_Tigre: #CORONAVIRUS:

Informe diario sobre los casos observados en @MunicipioTigre al d√≠a 7 de septiembre, a las 12:00 hs.

üìçSi t‚Ä¶",Twitter for Android,False,,,,,,,,es,False
2020-09-07 16:09:59,1303002583947239424,"RT @Salud_Tigre: #CORONAVIRUS:

Informe diario sobre los casos observados en @MunicipioTigre al d√≠a 7 de septiembre, a las 12:00 hs.

üìçSi t‚Ä¶",Twitter for iPhone,False,,,,,,,,es,False
2020-09-07 16:09:57,1303002575839678464,"RT @Salud_Tigre: #CORONAVIRUS:

Informe diario sobre los casos observados en @MunicipioTigre al d√≠a 7 de septiembre, a las 12:00 hs.

üìçSi t‚Ä¶",Twitter for Android,False,,,,,,,,es,False
2020-09-07 16:09:00,1303002338907611136,"RT @Salud_Tigre: #CORONAVIRUS:

Informe diario sobre los casos observados en @MunicipioTigre al d√≠a 7 de septiembre, a las 12:00 hs.

üìçSi t‚Ä¶",Twitter for iPhone,False,,,,,,,,es,False
2020-09-07 16:08:39,1303002249778601984,"RT @Salud_Tigre: #CORONAVIRUS:

Informe diario sobre los casos observados en @MunicipioTigre al d√≠a 7 de septiembre, a las 12:00 hs.

üìçSi t‚Ä¶",Twitter for Android,False,,,,,,,,es,False
2020-09-07 15:55:14,1302998870939627521,"RT @Salud_Tigre: #CORONAVIRUS:

Informe diario sobre los casos observados en @MunicipioTigre al d√≠a 7 de septiembre, a las 12:00 hs.

üìçSi t‚Ä¶",Twitter for Android,False,,,,,,,,es,False
2020-09-07 15:31:10,1302992814905733120,"RT @Salud_Tigre: #CORONAVIRUS:

Informe diario sobre los casos observados en @MunicipioTigre al d√≠a 7 de septiembre, a las 12:00 hs.

üìçSi t‚Ä¶",Twitter for Android,False,,,,,,,,es,False
2020-09-07 15:14:47,1302988693842661381,"RT @Salud_Tigre: #CORONAVIRUS:

Informe diario sobre los casos observados en @MunicipioTigre al d√≠a 7 de septiembre, a las 12:00 hs.

üìçSi t‚Ä¶",Twitter Web App,False,,,,,,,,es,False
2020-09-07 15:12:07,1302988022867275782,"RT @Salud_Tigre: #CORONAVIRUS:

Informe diario sobre los casos observados en @MunicipioTigre al d√≠a 7 de septiembre, a las 12:00 hs.

üìçSi t‚Ä¶",Twitter for Android,False,,,,,,,,es,False
2020-09-07 15:10:57,1302987727349190658,"RT @Salud_Tigre: #CORONAVIRUS:

Informe diario sobre los casos observados en @MunicipioTigre al d√≠a 7 de septiembre, a las 12:00 hs.

üìçSi t‚Ä¶",Twitter for Android,False,,,,,,,,es,False
2020-09-07 15:10:29,1302987612391641089,"#CORONAVIRUS:

Informe diario sobre los casos observados en @MunicipioTigre al d√≠a 7 de septiembre, a las 12:00 hs.‚Ä¶ https://t.co/8p3W6EgsNJ",Twitter Web App,True,,,,,,,,es,False
2020-09-07 14:40:56,1302980175550967812,"RT @elobservador_ok: #Coronavirus | Informe semanal

Total pa√≠s
Casos confirmados: 478.792
Fallecidos: 9.859

Provincias con m√°s casos
Buen‚Ä¶",Twitter Web App,False,,,,,,,,es,False
2020-09-07 13:16:55,1302959031993200646,"RT @elobservador_ok: #Coronavirus | Informe semanal

Total pa√≠s
Casos confirmados: 478.792
Fallecidos: 9.859

Provincias con m√°s casos
Buen‚Ä¶",Twitter for iPhone,False,,,,,,,,es,False
2020-09-07 13:10:57,1302957527534010368,"#Coronavirus | Informe semanal

Total pa√≠s
Casos confirmados: 478.792
Fallecidos: 9.859

Provincias con m√°s casos
B‚Ä¶ https://t.co/CicXbN6LkW",Twitter Web App,True,,,,,,,,es,False
2020-09-07 01:20:01,1302778617320087552,"RT @Salud_Tigre: #CORONAVIRUS:

Informe diario sobre los casos observados en @MunicipioTigre al d√≠a 3 de septiembre, a las 12:00 hs.

üìçSi t‚Ä¶",Twitter Web App,False,,,,,,,,es,False
2020-09-07 01:19:56,1302778595350401024,"RT @Salud_Tigre: #CORONAVIRUS:
Informe diario sobre los casos observados en @MunicipioTigre al d√≠a 2 de septiembre, a las 12:00 hs.

üìçSi te‚Ä¶",Twitter Web App,False,,,,,,,,es,False
2020-09-07 01:19:37,1302778514823938053,"RT @Salud_Tigre: #CORONAVIRUS:
Informe diario sobre los casos observados en @MunicipioTigre al d√≠a 31 de agosto, a las 12:00 hs.

üìçSi ten√©s‚Ä¶",Twitter Web App,False,,,,,,,,es,False
2020-09-07 01:19:22,1302778452970483712,"RT @Salud_Tigre: #CORONAVIRUS:
Informe diario sobre los casos observados en @MunicipioTigre al d√≠a 28 de agosto, a las 12:00 hs.

üìçSi ten√©s‚Ä¶",Twitter Web App,False,,,,,,,,es,False
2020-09-07 01:19:07,1302778389405802496,"RT @Salud_Tigre: #CORONAVIRUS:
Informe diario sobre los casos observados en @MunicipioTigre al d√≠a 27 de agosto, a las 12:00 hs.

üìçSi ten√©s‚Ä¶",Twitter Web App,False,,,,,,,,es,False
2020-09-07 01:18:50,1302778319251877889,"RT @Salud_Tigre: #CORONAVIRUS:
Informe diario sobre los casos observados en @MunicipioTigre al d√≠a 26 de agosto, a las 12:00 hs.

üìçSi ten√©s‚Ä¶",Twitter Web App,False,,,,,,,,es,False
2020-09-07 01:18:12,1302778160174559232,"RT @Salud_Tigre: #CORONAVIRUS:

Informe diario sobre los casos observados en @MunicipioTigre al d√≠a 23 de agosto, a las 12:00 hs.

üìçSi ten√©‚Ä¶",Twitter Web App,False,,,,,,,,es,False
2020-09-07 01:17:49,1302778065551007747,"RT @Salud_Tigre: #CORONAVIRUS:

Informe diario sobre los casos observados en @MunicipioTigre al d√≠a 21 de agosto, a las 12:00 hs.

üìçSi ten√©‚Ä¶",Twitter Web App,False,,,,,,,,es,False
2020-09-07 01:17:09,1302777895958581250,"RT @Salud_Tigre: #CORONAVIRUS:

Informe diario sobre los casos observados en @MunicipioTigre al d√≠a 17 de agosto, a las 12:00 hs.

üìçSi ten√©‚Ä¶",Twitter Web App,False,,,,,,,,es,False
2020-09-07 01:17:04,1302777876329226241,"RT @Salud_Tigre: #CORONAVIRUS:

Informe diario sobre los casos observados en @MunicipioTigre al d√≠a 16 de agosto, a las 12:00 hs.

üìçSi ten√©‚Ä¶",Twitter Web App,False,,,,,,,,es,False
2020-09-07 01:16:59,1302777854275579911,"RT @Salud_Tigre: #CORONAVIRUS:

Informe diario sobre los casos observados en @MunicipioTigre al d√≠a 15 de agosto, a las 12:00 hs.

üìçSi ten√©‚Ä¶",Twitter Web App,False,,,,,,,,es,False
2020-09-07 01:16:53,1302777830804254720,"RT @Salud_Tigre: #CORONAVIRUS:

Informe diario sobre los casos observados en @MunicipioTigre al d√≠a 14 de agosto, a las 12:00 hs.

üìçSi ten√©‚Ä¶",Twitter Web App,False,,,,,,,,es,False
2020-09-07 01:16:36,1302777758616096769,"RT @Salud_Tigre: #CORONAVIRUS:

Informe diario sobre los casos observados en @MunicipioTigre al d√≠a 12 de agosto, a las 12:00 hs.

üìçSi ten√©‚Ä¶",Twitter Web App,False,,,,,,,,es,False
2020-09-06 15:07:45,1302624537213890562,RT @el_pais: üî¥ √öLTIMA HORA | La Generalitat confina a m√°s de 200.000 personas en Lleida por los rebrotes. No podr√°n salir de casa desde las‚Ä¶,Twitter for Android,False,,,,,,,,es,False
2020-09-06 11:56:00,1302576280530026498,RT @Minsa_Peru: ACTUALIZACI√ìN | Esta es la situaci√≥n del #COVID19 en Per√∫ hasta las 24:00 horas del 4 de setiembre. #Per√∫Est√°EnNuestrasMano‚Ä¶,Twitter for Android,False,,,,,,,,es,False
2020-09-06 10:11:31,1302549984278188032,RT @el_pais: üî¥ √öLTIMA HORA | La Generalitat confina a m√°s de 200.000 personas en Lleida por los rebrotes. No podr√°n salir de casa desde las‚Ä¶,Twitter for iPhone,False,,,,,,,,es,False
2020-09-05 22:30:00,1302373443548123143,"La pandemia de coronavirus a dejado a muchos sin empleo, ante esta situaci√≥n, emprender en la agricultura se ha con‚Ä¶ https://t.co/bQJZTbhQF8",Twitter Web App,True,,,,,,,,es,False
2020-09-05 17:27:22,1302297283745193986,"RT @carbonitedan: Desayunando con mi hija (5 a√±os):

- Mami, hoy se han muerto 6 personas de coronavirus.
- Vaya, cari√±o, qu√© noticia tan t‚Ä¶",Twitter for Android,False,,,,,,,,es,False
2020-09-05 11:35:27,1302208719237910528,"Estaci√≥n de Atocha. Primer s√°bado de septiembre, 12.00 horas. As√≠ est√°n el parking y la sala de venta de billetes.‚Ä¶ https://t.co/xCU3nNZIwG",Twitter for Android,True,,,,,,,,es,False
2020-09-05 01:59:44,1302063835562545152,"RT @Salud_Tigre: #CORONAVIRUS:

Informe diario sobre los casos observados en @MunicipioTigre al d√≠a 3 de septiembre, a las 12:00 hs.

üìçSi t‚Ä¶",Twitter for Android,False,,,,,,,,es,False
2020-09-04 23:50:15,1302031250086129665,"RT @gustavoposse: Para frenar la propagaci√≥n del coronavirus, seguimos recorriendo San Isidro con el #PlanDetectarSI en busca de casos posi‚Ä¶",Twitter for Android,False,,,,,,,,es,False
2020-09-04 21:40:47,1301998667700883457,"üò∑ 12 casos nuevos de coronavirus hasta las 17:00, hoy 04/09 en Rafaela.
https://t.co/1gGt6ik6xb",Twitter Web App,False,,,,,,,,es,False
2020-09-04 13:13:05,1301870902855053312,".
Hasta las 12:00 hs de hoy
desplegamos nuestra tabla de ""Referencias"" en tiempo real
para los que est√©n atentos.üëáüëá‚Ä¶ https://t.co/4yOlbKA330",Twitter Web App,True,,,,,,,,es,False
2020-09-04 12:10:45,1301855217500258305,"RT @Salud_Tigre: #CORONAVIRUS:

Informe diario sobre los casos observados en @MunicipioTigre al d√≠a 3 de septiembre, a las 12:00 hs.

üìçSi t‚Ä¶",Twitter for Android,False,,,,,,,,es,False
2020-09-04 09:53:39,1301820712378925057,"RT @Salud_Tigre: #CORONAVIRUS:
Informe diario sobre los casos observados en @MunicipioTigre al d√≠a 2 de septiembre, a las 12:00 hs.

üìçSi te‚Ä¶",Twitter for iPhone,False,,,,,,,,es,False
2020-09-04 08:40:49,1301802383220015107,RT @MDSMagallanes: üî¥Las #PersonasMayores de 75 a√±os que vivan en comunas que se encuentren en #Cuarentena podr√°n salir a caminar durante 2‚Ä¶,Twitter for Android,False,,,,,,,,es,False
2020-09-04 07:17:56,1301781527588753408,"RT @juandemariana: üëÄ¬°Adem√°s la semana que viene contaremos con el profesor @rodriguezbraun!

üó®Ô∏èRetratos liberales de la crisis del coronavi‚Ä¶",Twitter for iPhone,False,,,,,,,,es,False
2020-09-04 03:57:08,1301730994538663936,"RT @Salud_Tigre: #CORONAVIRUS:

Informe diario sobre los casos observados en @MunicipioTigre al d√≠a 3 de septiembre, a las 12:00 hs.

üìçSi t‚Ä¶",Twitter Web App,False,,,,,,,,es,False
2020-09-03 23:28:51,1301663479141740545,"RT @Salud_Tigre: #CORONAVIRUS:

Informe diario sobre los casos observados en @MunicipioTigre al d√≠a 3 de septiembre, a las 12:00 hs.

üìçSi t‚Ä¶",Twitter for iPhone,False,,,,,,,,es,False
2020-09-03 23:23:08,1301662038234730496,"RT @Salud_Tigre: #CORONAVIRUS:

Informe diario sobre los casos observados en @MunicipioTigre al d√≠a 3 de septiembre, a las 12:00 hs.

üìçSi t‚Ä¶",Twitter for Android,False,,,,,,,,es,False
2020-09-03 20:15:31,1301614822308696065,"RT @Salud_Tigre: #CORONAVIRUS:

Informe diario sobre los casos observados en @MunicipioTigre al d√≠a 3 de septiembre, a las 12:00 hs.

üìçSi t‚Ä¶",Twitter for Android,False,,,,,,,,es,False
2020-09-03 19:14:37,1301599495856304128,"RT @juandemariana: üëÄ¬°Adem√°s la semana que viene contaremos con el profesor @rodriguezbraun!

üó®Ô∏èRetratos liberales de la crisis del coronavi‚Ä¶",Twitter Web App,False,,,,,,,,es,False
2020-09-03 19:05:00,1301597076900339713,"üéôÔ∏è Los ""mon√≥logos 100%"" cerrar√°n el ""Verano Cultural"" de Torredonjimeno el 12 de septiembre. 

üóìÔ∏èSer√°n el 12 de sep‚Ä¶ https://t.co/JuHZkMUqum",Twitter Web App,True,,,,,,,,es,False
2020-09-03 18:38:10,1301590323232157698,"RT @Salud_Tigre: #CORONAVIRUS:

Informe diario sobre los casos observados en @MunicipioTigre al d√≠a 3 de septiembre, a las 12:00 hs.

üìçSi t‚Ä¶",Twitter for Android,False,,,,,,,,es,False
2020-09-03 18:22:26,1301586364706717697,"RT @Salud_Tigre: #CORONAVIRUS:

Informe diario sobre los casos observados en @MunicipioTigre al d√≠a 3 de septiembre, a las 12:00 hs.

üìçSi t‚Ä¶",Twitter for Android,False,,,,,,,,es,False
2020-09-03 18:00:13,1301580774727135233,"RT @Salud_Tigre: #CORONAVIRUS:

Informe diario sobre los casos observados en @MunicipioTigre al d√≠a 3 de septiembre, a las 12:00 hs.

üìçSi t‚Ä¶",Twitter Web App,False,,,,,,,,es,False
2020-09-03 17:50:00,1301578201509097472,"RT @Salud_Tigre: #CORONAVIRUS:

Informe diario sobre los casos observados en @MunicipioTigre al d√≠a 3 de septiembre, a las 12:00 hs.

üìçSi t‚Ä¶",Twitter for Android,False,,,,,,,,es,False
2020-09-03 17:36:04,1301574697801388034,"RT @Salud_Tigre: #CORONAVIRUS:

Informe diario sobre los casos observados en @MunicipioTigre al d√≠a 3 de septiembre, a las 12:00 hs.

üìçSi t‚Ä¶",Twitter for Android,False,,,,,,,,es,False
2020-09-03 17:10:30,1301568260878540802,"RT @Salud_Tigre: #CORONAVIRUS:

Informe diario sobre los casos observados en @MunicipioTigre al d√≠a 3 de septiembre, a las 12:00 hs.

üìçSi t‚Ä¶",Twitter for iPhone,False,,,,,,,,es,False
2020-09-03 16:57:07,1301564893930364928,"RT @Salud_Tigre: #CORONAVIRUS:

Informe diario sobre los casos observados en @MunicipioTigre al d√≠a 3 de septiembre, a las 12:00 hs.

üìçSi t‚Ä¶",Twitter for Android,False,,,,,,,,es,False
2020-09-03 16:46:36,1301562249950224387,"RT @Salud_Tigre: #CORONAVIRUS:

Informe diario sobre los casos observados en @MunicipioTigre al d√≠a 3 de septiembre, a las 12:00 hs.

üìçSi t‚Ä¶",Twitter for Android,False,,,,,,,,es,False
2020-09-03 16:36:26,1301559690015449090,"üëÄ¬°Adem√°s la semana que viene contaremos con el profesor @rodriguezbraun!

üó®Ô∏èRetratos liberales de la crisis del cor‚Ä¶ https://t.co/89qOPprVRc",Twitter Web App,True,1301448965200773120,82135336,juandemariana,,,,,es,False
2020-09-03 16:05:32,1301551914652368896,"La Red de Incubadoras de Empresas UVM te invita a la conferencia 
del d√≠a viernes 04 de septiembre üóì 
‚Ä¢Como levanta‚Ä¶ https://t.co/Xgz4sZDCAJ",Twitter for iPhone,True,,,,,,,,es,False
2020-09-03 15:58:46,1301550212109004801,"RT @Salud_Tigre: #CORONAVIRUS:

Informe diario sobre los casos observados en @MunicipioTigre al d√≠a 3 de septiembre, a las 12:00 hs.

üìçSi t‚Ä¶",Twitter for Android,False,,,,,,,,es,False
2020-09-03 15:41:08,1301545775026102273,"RT @Salud_Tigre: #CORONAVIRUS:

Informe diario sobre los casos observados en @MunicipioTigre al d√≠a 3 de septiembre, a las 12:00 hs.

üìçSi t‚Ä¶",Twitter for Android,False,,,,,,,,es,False
2020-09-03 15:36:24,1301544583453724672,"RT @Salud_Tigre: #CORONAVIRUS:

Informe diario sobre los casos observados en @MunicipioTigre al d√≠a 3 de septiembre, a las 12:00 hs.

üìçSi t‚Ä¶",Twitter for Android,False,,,,,,,,es,False
2020-09-03 15:35:41,1301544401940905993,"RT @Salud_Tigre: #CORONAVIRUS:

Informe diario sobre los casos observados en @MunicipioTigre al d√≠a 3 de septiembre, a las 12:00 hs.

üìçSi t‚Ä¶",Twitter for Android,False,,,,,,,,es,False
2020-09-03 15:31:34,1301543366694440960,"RT @Salud_Tigre: #CORONAVIRUS:

Informe diario sobre los casos observados en @MunicipioTigre al d√≠a 3 de septiembre, a las 12:00 hs.

üìçSi t‚Ä¶",Twitter for Android,False,,,,,,,,es,False
2020-09-03 15:31:24,1301543325246410752,"RT @Salud_Tigre: #CORONAVIRUS:

Informe diario sobre los casos observados en @MunicipioTigre al d√≠a 3 de septiembre, a las 12:00 hs.

üìçSi t‚Ä¶",Twitter for Android,False,,,,,,,,es,False
